{"properties": [
  {
    "name": "product.uri",
    "type": "java.lang.String",
    "description": "A description for 'product.uri'"
  },
  {
    "name": "Service.Buyer_NOT_FOUND",
    "type": "java.lang.String",
    "description": "A description for 'Service.Buyer_NOT_FOUND'"
  },
  {
    "name": "Service.Seller_NOT_FOUND",
    "type": "java.lang.String",
    "description": "A description for 'Service.Seller_NOT_FOUND'"
  },
  {
    "name": "API.DELETE_SUCCESS",
    "type": "java.lang.String",
    "description": "A description for 'API.DELETE_SUCCESS'"
  }
]}